Type,Question ID,Question Text,Choice,Points
Base,cq1,"당신은 헌터 시험 중 끝이 안 보이는 누메레 늪지대를 지나가야 합니다. 안개가 끼고 마수들이 우글거리는데, 당신의 전략은?","앞장서는 시험관을 놓치지 않기 위해 선두 그룹에서 바짝 쫓아간다.","곤 +3"
Base,cq1,"당신은 헌터 시험 중 끝이 안 보이는 누메레 늪지대를 지나가야 합니다. 안개가 끼고 마수들이 우글거리는데, 당신의 전략은?","페이스 조절이 생명. 체력을 아끼며 중간 그룹에서 달린다.","크라피카 +2, 이르미 +2"
Base,cq1,"당신은 헌터 시험 중 끝이 안 보이는 누메레 늪지대를 지나가야 합니다. 안개가 끼고 마수들이 우글거리는데, 당신의 전략은?","너무 힘든데... 스케이트보드나 주변 지형을 이용해 꼼수를 찾는다.","레오리오 +3, 키르아 +2"
Base,cq1,"당신은 헌터 시험 중 끝이 안 보이는 누메레 늪지대를 지나가야 합니다. 안개가 끼고 마수들이 우글거리는데, 당신의 전략은?","흥미로운 참가자나 마수가 없는지 안개 속을 헤집으며 탐색한다.","히소카 +3, 메르엠 +1"
Base,cq2,"천공투기장 200층에 도달했더니, 악의적인 넨 공격(세례)을 날리며 선배 투사들이 도발해옵니다.","열받네?! 넨을 완벽히 배우기도 전에 일단 주먹부터 날리고 본다.","레오리오 +3, 곤 +2"
Base,cq2,"천공투기장 200층에 도달했더니, 악의적인 넨 공격(세례)을 날리며 선배 투사들이 도발해옵니다.","넨을 완벽히 습득한 후, 압도적인 실력 차이를 보여주며 무표정하게 짓밟는다.","키르아 +3, 메르엠 +3"
Base,cq2,"천공투기장 200층에 도달했더니, 악의적인 넨 공격(세례)을 날리며 선배 투사들이 도발해옵니다.","도발에 넘어가지 않고 침착하게 상대 넨의 특성과 허점을 분석한다.","크라피카 +3, 클로로 +2"
Base,cq2,"천공투기장 200층에 도달했더니, 악의적인 넨 공격(세례)을 날리며 선배 투사들이 도발해옵니다.","저항하는 모습이 귀엽네~ 기괴한 미소를 지으며 상대를 더 농락한다.","히소카 +3"
Base,cq3,"요크신 시티 경매장에서 당신이 원하던 물건을 최악의 도적단 ""환영여단""이 먼저 채갔습니다!","내 모든 것을 걸고, 목숨을 바쳐서라도 여단에게서 빼앗고 복수한다.","크라피카 +3"
Base,cq3,"요크신 시티 경매장에서 당신이 원하던 물건을 최악의 도적단 ""환영여단""이 먼저 채갔습니다!","나와 내 동료들의 힘을 합쳐 정면으로 맞서 싸울 방법을 찾는다.","곤 +3"
Base,cq3,"요크신 시티 경매장에서 당신이 원하던 물건을 최악의 도적단 ""환영여단""이 먼저 채갔습니다!","승산이 없다면 일단 피하고, 후일을 도모하며 암살이나 기습을 계획한다.","키르아 +3, 이르미 +2"
Base,cq3,"요크신 시티 경매장에서 당신이 원하던 물건을 최악의 도적단 ""환영여단""이 먼저 채갔습니다!","여단이라고? 오히려 그 강한 녀석들과 싸워보고 싶어 흥분된다.","히소카 +3"
Base,cq4,"강력하고 잔혹한 생물인 ""키메라 앤트""들이 사람들을 습격하고 있습니다. 당신이라면?","앞뒤 안 재고 분노를 폭발시켜 무고한 자들을 구하러 쳐들어간다.","곤 +3, 레오리오 +2"
Base,cq4,"강력하고 잔혹한 생물인 ""키메라 앤트""들이 사람들을 습격하고 있습니다. 당신이라면?","감정을 억누르고, 희생자를 최소화할 가장 안전하고 확실한 작전을 짠다.","크라피카 +3, 키르아 +2"
Base,cq4,"강력하고 잔혹한 생물인 ""키메라 앤트""들이 사람들을 습격하고 있습니다. 당신이라면?","내게 이득이 될 상대의 능력만 훔치거나 계산적으로 상황을 이용한다.","이르미 +3, 클로로 +2"
Base,cq4,"강력하고 잔혹한 생물인 ""키메라 앤트""들이 사람들을 습격하고 있습니다. 당신이라면?","녀석들의 본거지를 통째로 장악해버리고 왕으로서 군림한다.","메르엠 +3"
Base,cq5,"당신이 헌터로서 궁극적으로 손에 넣고 싶은 것은 무엇입니까?","나를 더 강하게 만들어줄 끝없는 모험과 미지의 세계 탐험","곤 +3"
Base,cq5,"당신이 헌터로서 궁극적으로 손에 넣고 싶은 것은 무엇입니까?","잃어버린 동포들의 눈(혹은 소중한 것)을 되찾고 신념을 지키는 것","크라피카 +3"
Base,cq5,"당신이 헌터로서 궁극적으로 손에 넣고 싶은 것은 무엇입니까?","돈, 지위, 친구 등 세속적이지만 따뜻한 행복","레오리오 +3, 키르아 +2"
Base,cq5,"당신이 헌터로서 궁극적으로 손에 넣고 싶은 것은 무엇입니까?","세상의 정점에 서서 모든 것을 내 발아래 두는 절대적인 힘","메르엠 +3, 클로로 +3, 이르미 +2"
FollowUp,fq_gon1,"[꼬리질문] 늪지대에서 앞장서서 달리다 마수의 함정에 빠졌습니다!","내 짐승 같은 직감과 신체 능력으로 가볍게 함정을 부수고 나온다.","곤 +3"
FollowUp,fq_gon1,"[꼬리질문] 늪지대에서 앞장서서 달리다 마수의 함정에 빠졌습니다!","함정을 판 마수를 기억해두었다가 나중에 반드시 갚아준다.","크라피카 +2, 이르미 +2"
FollowUp,fq_kura1,"[꼬리질문] 달리는 도중, 옆 참가자가 탈진해서 환각 나비에게 잡아먹힐 위기입니다.","내 알 바 아니다. 내 페이스를 유지하며 무시하고 지나친다.","이르미 +3, 클로로 +2"
FollowUp,fq_kura1,"[꼬리질문] 달리는 도중, 옆 참가자가 탈진해서 환각 나비에게 잡아먹힐 위기입니다.","시험도 중요하지만 사람 목숨이 먼저다! 망설임 없이 부축해준다.","레오리오 +3, 곤 +2"
FollowUp,fq_kura1,"[꼬리질문] 달리는 도중, 옆 참가자가 탈진해서 환각 나비에게 잡아먹힐 위기입니다.","최소한의 응급처치나 조언만 빠르게 해주고 다시 달린다.","크라피카 +3, 키르아 +1"
FollowUp,fq_leo1,"[꼬리질문] 스케이트보드를 타고 가다 시험관에게 '그건 반칙 아니냐'는 지적을 받았습니다!","'아씨, 걸렸네!' 쿨하게 포기하고 내려서 정석대로 달린다.","키르아 +3"
FollowUp,fq_leo1,"[꼬리질문] 스케이트보드를 타고 가다 시험관에게 '그건 반칙 아니냐'는 지적을 받았습니다!","'가져오지 말라는 룰은 없었잖아요?!' 뻔뻔하게 말대꾸하며 따진다.","레오리오 +3"
FollowUp,fq_hiso1,"[꼬리질문] 안개 속에서, 나와 맞먹을 정도로 강하고 살기를 뿜는 참가자와 눈이 마주쳤습니다.","참을 수 없다! 당장 카드를 던져 실력을 확인해본다.","히소카 +3"
FollowUp,fq_hiso1,"[꼬리질문] 안개 속에서, 나와 맞먹을 정도로 강하고 살기를 뿜는 참가자와 눈이 마주쳤습니다.","지금은 때가 아니다. 조용히 살기를 거두고 거리를 둔다.","이르미 +3, 클로로 +3"
FollowUp,fq_angry,"[꼬리질문] 선빵을 날렸지만, 상대가 가볍게 피하고 넨으로 역공을 해옵니다!","맞으면서도 물러서지 않고 고집스럽게 밀어붙인다.","곤 +3"
FollowUp,fq_angry,"[꼬리질문] 선빵을 날렸지만, 상대가 가볍게 피하고 넨으로 역공을 해옵니다!","아차 싶어 빠르게 거리를 벌리고 방어 태세를 취한다.","레오리오 +3"
FollowUp,fq_calm,"[꼬리질문] 암살술로 상대를 순식간에 제압했습니다. 쓰러진 상대에게 남길 한 마디는?","'넌 짐승 이하다. 두 번 다시 내 눈앞에 나타나지 마라.'","메르엠 +3"
FollowUp,fq_calm,"[꼬리질문] 암살술로 상대를 순식간에 제압했습니다. 쓰러진 상대에게 남길 한 마디는?","'약한 주제에 깝치지 마.' (차갑게 뒤돌아선다)","키르아 +3"
FollowUp,fq_analyze,"[꼬리질문] 침착하게 분석해보니 상대 넨의 약점이 보입니다. 어떻게 공격할까요?","상대가 가장 고통스러워할 사각지대에서 찔러 넣어 제압한다.","크라피카 +3"
FollowUp,fq_analyze,"[꼬리질문] 침착하게 분석해보니 상대 넨의 약점이 보입니다. 어떻게 공격할까요?","상대의 넨 능력이 마음에 든다. 죽이지 않고 내 책에 훔쳐 올 궁리를 한다.","클로로 +3"
FollowUp,fq_psycho,"[꼬리질문] 당신의 끔찍한 살기에 상대가 겁을 먹고 항복하려 합니다.","'어딜 도망가?♣' 끝까지 쫓아가서 공포를 심어주고 파괴한다.","히소카 +3"
FollowUp,fq_psycho,"[꼬리질문] 당신의 끔찍한 살기에 상대가 겁을 먹고 항복하려 합니다.","겁쟁이한테는 흥미가 떨어졌다. 그냥 목숨만은 살려준다.","키르아 +2, 메르엠 +1"
FollowUp,fq_boss,"[꼬리질문] 키메라 앤트의 왕이 되었습니다. 남은 인간의 잔당들은 어떻게 할까요?","넨 능력이 쓸만하다면 살려서 내 수족으로 부린다.","클로로 +3"
FollowUp,fq_boss,"[꼬리질문] 키메라 앤트의 왕이 되었습니다. 남은 인간의 잔당들은 어떻게 할까요?","나에게 반역한 죄는 죽음뿐이다. 식량으로 쓰거나 몰살한다.","메르엠 +3"
FollowUp,fq_boss_2,"[꼬리질문] 정점에 서기 위해 당신에게 가장 필요한 것은 무엇이라고 생각하나요?","거미의 다리처럼 나를 따르는 철저하고 유능한 부하들","클로로 +3"
FollowUp,fq_boss_2,"[꼬리질문] 정점에 서기 위해 당신에게 가장 필요한 것은 무엇이라고 생각하나요?","누구도 범접할 수 없는 나 자신의 압도적인 폭력과 무력","메르엠 +3"
FollowUp,fq_boss_2,"[꼬리질문] 정점에 서기 위해 당신에게 가장 필요한 것은 무엇이라고 생각하나요?","사람을 바늘로 찔러 마음대로 조종할 수 있는 공포와 지배력","이르미 +3"
FollowUp,fq_rescue_rash,"[꼬리질문] 막무가내로 쳐들어갔더니 네페르피투 같은 괴물과 마주쳤습니다!","내 목숨과 재능을 모두 버려서라도 저 녀석을 죽여버리겠다!!","곤 +3"
FollowUp,fq_rescue_rash,"[꼬리질문] 막무가내로 쳐들어갔더니 네페르피투 같은 괴물과 마주쳤습니다!","'내가 미쳤지...' 다리가 후들거리지만 동료를 위해 버틴다.","레오리오 +3"
FollowUp,fq_rescue_plan,"[꼬리질문] 작전을 짜는 도중, 키메라 앤트가 동료를 죽이려 합니다!","리스크를 안고 즉시 신속(칸무루)으로 기습 작전을 실행한다.","키르아 +3"
FollowUp,fq_rescue_plan,"[꼬리질문] 작전을 짜는 도중, 키메라 앤트가 동료를 죽이려 합니다!","초조해하지 마라. 상대의 심리를 역이용해 쇠사슬로 포박할 기회를 노린다.","크라피카 +3"
FollowUp,fq_rescue_calc,"[꼬리질문] 계산 결과, 동료를 구하는 것이 나에게 이득입니다.","구출해 준 뒤, 바늘을 꽂아 나에게 평생 복종하게 만든다.","이르미 +3"
FollowUp,fq_rescue_calc,"[꼬리질문] 계산 결과, 동료를 구하는 것이 나에게 이득입니다.","동료를 돕는 건 당연하다! 계산은 그냥 습관적으로 해본 것일 뿐이다.","레오리오 +2, 키르아 +1"
FollowUp,fq_fight,"[꼬리질문] 환영여단과 정면으로 싸우다 치명상을 입었습니다.","내 팔이 잘리더라도 여단 녀석의 목을 베겠다!","곤 +3"
FollowUp,fq_fight,"[꼬리질문] 환영여단과 정면으로 싸우다 치명상을 입었습니다.","안 되겠다, 살고 봐야지! 연막을 치고 도망친다.","레오리오 +3"
FollowUp,fq_assassin,"[꼬리질문] 암살을 위해 여단 멤버의 뒤를 완벽하게 잡았습니다.","고통 없이 한 번에 심장을 뽑아 숨통을 끊어버린다.","키르아 +3"
FollowUp,fq_assassin,"[꼬리질문] 암살을 위해 여단 멤버의 뒤를 완벽하게 잡았습니다.","내 조종을 받는 꼭두각시로 만들어 첩자로 부려먹는다.","이르미 +3"
FollowUp,fq_excited,"[꼬리질문] 여단 단장과의 싸움이 절정에 달해 너무나도 큰 쾌감을 느낍니다.","더, 더 재밌게 해줘! 완전히 미쳐서 광소를 터뜨린다.","히소카 +3"
FollowUp,fq_excited,"[꼬리질문] 여단 단장과의 싸움이 절정에 달해 너무나도 큰 쾌감을 느낍니다.","이 정도면 충분히 데이터를 모았다. 완벽하게 밀실에서 마무리한다.","클로로 +2"
FollowUp,fq_revenge,"[꼬리질문] 여단에게 복수하기 위해 엠페러 타임을 쓰면 수명이 줄어듭니다. 괜찮습니까?","당연하다. 쓰레기들을 청소할 수 있다면 내 목숨 따위는 안중에도 없다.","크라피카 +3"
FollowUp,fq_revenge,"[꼬리질문] 여단에게 복수하기 위해 엠페러 타임을 쓰면 수명이 줄어듭니다. 괜찮습니까?","그건 좀... 복수도 내가 살아야 할 수 있는 거 아닌가?","레오리오 +3, 키르아 +1"
