문항 번호,질문 요약,선택지,원이,리브,미나미,메이,제나,윤PD,꾸대표,김혜수,유영우,이선민
Q1,성공을 위한 헌신,1: 기꺼이 불태운다,2,1,1,1,1,0,2,1,0,0
,,2: 선은 지킨다,0,0,0,0,0,2,0,0,1,1
Q2,세상 무너질 때,1: 티를 낸다 (아악),0,1,0,0,2,0,0,0,1,0
,,2: 평온 (동공지진),1,0,1,1,0,1,1,0,0,1
Q3,목소리 매력,1: 파워보컬,0,2,1,0,0,0,0,0,1,0
,,2: 음색여신,1,0,0,2,2,0,1,0,0,0
Q4,나는 꿀잼인가?,1: 분위기 메이커 (인정),1,2,1,0,0,1,0,0,0,2
,,2: 노잼이라 슬프다,0,0,0,1,1,0,1,2,1,0
Q5,끌리는 여행지,1: 거제도 (원이),2,0,0,0,0,0,0,0,0,0
,,2: 수원 (리브),0,2,0,0,0,0,0,0,0,0
,,3: 치바현 (미나미),0,0,2,0,0,0,0,0,0,0
,,4: 일산 (메이),0,0,0,2,0,0,0,0,0,0
,,5: 경주 (제나),0,0,0,0,2,0,0,0,0,0
,,6: 아무데나 다 좋아,1,1,1,1,1,1,1,1,1,1
Q6,상황 판단 (MBTI),1: 이성적 (T),0,0,0,1,0,1,1,2,0,0
,,2: 감성적 (F),1,1,1,0,1,0,0,0,1,2
Q7,업무 스타일,1: 멀티태스커,0,1,2,1,0,1,1,0,0,1
,,2: 한 우물 파기,2,0,0,0,1,0,0,1,1,0
Q8,삐졌을 때,1: 쫑알쫑알 다 쏟아냄,1,1,1,0,2,0,0,0,0,1
,,2: 입 꾹 닫고 동굴,0,0,0,2,0,1,1,1,1,0
Q9,다이어트 10kg,1: 있다,0,1,1,0,0,0,0,0,0,0
,,2: 없다,0,0,0,0,0,0,0,0,0,0
Q10,향기 반응,1: 과거 추억에 빠짐,0,0,1,1,1,0,0,0,2,1
,,2: 무슨 향수지?!,1,1,0,0,0,1,2,1,0,0
Q11,나는 꼰대인가?,1: 완전 오픈마인드,0,1,1,0,1,2,2,1,1,0
,,2: 가끔 라떼가 나옴,1,0,0,1,0,0,0,0,0,2
Q12,스킨십이 잦다,1: 완전 좋아! (껴안기),0,2,2,0,0,0,0,0,1,1
,,2: 으악 떨어져! (퍼스널),1,0,0,1,1,1,1,2,0,0
Q13,말이 많은 편이다,1: 오디오가 안 빔 (수다),0,1,0,2,1,0,0,0,0,1
,,2: 조용히 듣는 게 편해,2,0,1,0,0,1,1,1,1,0

,,결과 출현 횟수 (총 24576가지 중),4592,6300,3577,5140,4696,1545,2744,1296,1541,2114
,,결과 출현 확률 (%),18.7%,25.6%,14.6%,20.9%,19.1%,6.3%,11.2%,5.3%,6.3%,8.6%
