문항 번호,질문,선택지,원이,리브,미나미,메이,제나,윤성원 PD,꾸대표,김혜수 이사,유영우,이선민
Q1,"리센느 멤버들의 성공을 위해서라면, 이 한몸 불태울 각오가 되어 있다?",당연하지! 기꺼이 내 모든 걸 불태울 수 있다 🔥,2,1,1,1,1,0,2,1,0,0
,,"응원은 진심으로 하지만, 어느 정도 선은 지킨다 😌",0,0,0,0,0,2,0,0,1,1
Q2,내일 당장 세상이 무너진다는 소식을 들었다! 이럴 때 나는?,세상이 무너진다고?! 아악 어떡해!! 😭 (솔직하게 감정을 다 표출하며 티를 낸다),0,1,0,0,2,0,0,0,1,0
,,(동공지진) 하지만 겉으로는 평온... (최대한 꾹 참으며 덤덤한 척 한다),1,0,1,1,0,1,1,0,0,1
Q3,"무대 위에 섰을 때, 내 목소리의 매력 포인트를 하나 꼽자면?",속이 뻥 뚫리는 시원한 성량! 나는 파워보컬 🎤,0,1,1,0,0,0,0,0,1,0
,,한 번 들으면 계속 생각나는 매력적인 음색 여신 🎧,1,0,0,2,2,0,0,0,0,0
Q4,솔직히... 나 정도면 주변 사람들을 빵빵 터지게 하는 꿀잼 인간 아닌가? 😎,맞지! 내가 바로 팀 내 분위기 메이커 ㅋㅋㅋ 🤣,1,2,1,0,0,1,0,0,0,2
,,(시무룩) 나도 웃기고 싶은데... 솔직히 노잼이라 가끔 슬프다... 🥲,0,0,0,1,1,0,1,2,1,0
Q5,갑자기 휴가가 생겼다! 내가 가장 끌리는 여행지는?,"바다 내음 물씬 나는 청정 자연, 경남 거제도 🌊",2,0,0,0,0,0,0,0,0,0
,,"왕갈비통닭과 화성의 도시, 경기도 수원 🏰",0,2,0,0,0,0,0,0,0,0
,,특유의 감성을 느낄 수 있는 일본 치바현 🌸,0,0,2,0,0,0,0,0,0,0
,,"호수공원에서 즐기는 평화로운 여유, 일산 🌳",0,0,0,2,0,0,0,0,0,0
,,"천년의 역사가 살아숨쉬는 신라의 달밤, 경주 🏯",0,0,0,0,2,0,0,0,0,0
,,어디든 상관없어! 누구랑 가느냐가 중요하지 🥰 (아무데나 다 좋아),1,1,1,1,1,1,1,1,1,1
Q6,"무언가를 결정하거나 상황을 판단할 때, 나는 보통 어떤 쪽에 가까울까?",머리가 먼저 반응한다! 논리와 팩트를 중시하는 이성적인(T) 타입 💡,0,0,0,1,0,1,1,2,0,0
,,가슴이 먼저 반응한다! 공감과 감정을 중시하는 감성적인(F) 타입 💖,1,1,1,0,1,0,0,0,1,2
Q7,"무언가에 꽂히거나 일을 처리해야 할 때, 나의 스타일은?",이것도 저것도 다 드루와! 한 번에 여러 가지 일을 착착 해내는 멀티태스커 🐙,0,1,2,1,0,1,1,0,0,1
,,한 우물만 팬다! 내가 만족할 때까지 파고드는 지독한 끝장내기 장인 ⛏️,2,0,0,0,1,0,0,1,1,0
Q8,"서운한 일이 생겨서 단단히 삐졌을 때, 나의 반응은?","""아니 근데 내 말 좀 들어봐~!"" 서운한 이유를 쫑알쫑알 다 쏟아낸다 🗣️",1,1,1,0,2,0,0,0,0,1
,,"""..."" 일단 입을 꾹 닫고 나만의 동굴 속으로 들어간다 😶",0,0,0,2,0,1,1,1,1,0
Q9,독하게 마음먹고 10kg 이상 다이어트에 성공해 본 경험이 있다?,있다! 피나는 노력으로 폭풍 감량에 성공해 본 적이 있다 💦,0,1,1,0,0,0,0,0,0,0
,,없다! 그렇게까지 빼본 적은 없다 (혹은 뺄 살이 없었다) 🤔,0,0,0,0,0,0,0,0,0,0
Q10,"길을 걷다 우연히 예전에 맡았던 익숙한 향기를 맡았을 때, 나의 반응은?","""어? 이 향기..."" 향기를 타고 과거의 특정 장면과 추억에 깊게 빠져든다 ✨",0,0,1,1,1,0,0,0,2,1
,,"""오 향 좋다! 무슨 향수지?!"" 냄새의 정체를 궁금해하며 쿨하게 갈 길 간다 🚶‍♀️",1,1,0,0,0,1,2,1,0,0
Q11,솔직히... 내 안에 약간의 꼰대(?) 기질이 숨어있다?,에이~ 요즘 세상에 그런 게 어딨어! 완전 열려있는 오픈 마인드 👐,0,1,1,0,1,2,2,1,1,0
,,음... 가끔 나도 모르게 라떼는 말이야~가 나오긴 한다 ☕,1,0,0,1,0,0,0,0,0,2
Q12,나는 평소 스킨십이 잦다?,완전 좋아! 자연스럽게 껴안고 팔짱 끼고 난리 남 🥰,0,2,2,0,0,0,0,0,1,1
,,으악 떨어져! 내 퍼스널 스페이스는 지켜줘 🛑,1,0,0,1,1,1,1,2,0,0
Q13,나는 평소 말이 많은 편이다?,오디오가 빌 틈이 없다! 한 번 입 열면 쉴 새 없이 떠드는 편 🗣️,0,1,0,2,1,0,0,0,0,1
,,굳이...? 말하기보다는 조용히 상황을 지켜보고 듣는 게 편해 🤫,2,0,1,0,0,1,1,1,1,0

,,결과 출현 점수 (총 24576가지 중),3898.2,3330.3,3065.0,4418.4,3792.7,1199.8,1270.8,861.8,1115.4,1623.7
,,최종 등장 확률 (%),15.9%,13.6%,12.5%,18.0%,15.4%,4.9%,5.2%,3.5%,4.5%,6.6%
